Random Name,Testing Email
Test,pvczj.test@inbox.testmail.app
Angle,pvczj.pcs@inbox.testmail.app
Marie,pvczj.zee@inbox.testmail.app
Kiersten,pvczj.vej@inbox.testmail.app
Kyoko,pvczj.moe@inbox.testmail.app
Ashlea,pvczj.eha@inbox.testmail.app
Karina,pvczj.lld@inbox.testmail.app
Shila,pvczj.taq@inbox.testmail.app
Nan,pvczj.apz@inbox.testmail.app
Monica,pvczj.yuc@inbox.testmail.app
Randolph,pvczj.dew@inbox.testmail.app
Norbert,pvczj.gfg@inbox.testmail.app
Dayna,pvczj.nph@inbox.testmail.app
Blair,pvczj.nsn@inbox.testmail.app
Sherell,pvczj.fwp@inbox.testmail.app
Sydney,pvczj.qhk@inbox.testmail.app
Gwenda,pvczj.zgr@inbox.testmail.app
Denis,pvczj.eky@inbox.testmail.app
Dwayne,pvczj.smk@inbox.testmail.app
Janice,pvczj.wwt@inbox.testmail.app
Gennie,pvczj.zbx@inbox.testmail.app
Eusebia,pvczj.xrm@inbox.testmail.app
Chantell,pvczj.avh@inbox.testmail.app
Melaine,pvczj.rue@inbox.testmail.app
Charis,pvczj.pur@inbox.testmail.app
Sina,pvczj.wed@inbox.testmail.app
Nia,pvczj.mjf@inbox.testmail.app
Ronna,pvczj.ubw@inbox.testmail.app
Marge,pvczj.cxb@inbox.testmail.app
Graciela,pvczj.czi@inbox.testmail.app
Ernesto,pvczj.ksc@inbox.testmail.app
Arthur,pvczj.mdj@inbox.testmail.app
Pura,pvczj.fnc@inbox.testmail.app
Kaycee,pvczj.tzn@inbox.testmail.app
Carissa,pvczj.ibp@inbox.testmail.app
Lonny,pvczj.lse@inbox.testmail.app
Marinda,pvczj.qly@inbox.testmail.app
Kittie,pvczj.dpd@inbox.testmail.app
Magnolia,pvczj.rne@inbox.testmail.app
Darin,pvczj.yzy@inbox.testmail.app
Ruth,pvczj.qla@inbox.testmail.app
Rosia,pvczj.hqj@inbox.testmail.app
Rema,pvczj.egj@inbox.testmail.app
Jackqueline,pvczj.bfr@inbox.testmail.app
Junita,pvczj.cnm@inbox.testmail.app
Camila,pvczj.vba@inbox.testmail.app
Deonna,pvczj.nnq@inbox.testmail.app
Patrica,pvczj.kvs@inbox.testmail.app
Pamala,pvczj.tua@inbox.testmail.app
Marilyn,pvczj.sys@inbox.testmail.app
Jessia,pvczj.hxt@inbox.testmail.app
Angle,pvczj.gyf@inbox.testmail.app
Marie,pvczj.gaa@inbox.testmail.app
Kiersten,pvczj.fze@inbox.testmail.app
Kyoko,pvczj.jjb@inbox.testmail.app
Ashlea,pvczj.xlh@inbox.testmail.app
Karina,pvczj.bvo@inbox.testmail.app
Shila,pvczj.qxv@inbox.testmail.app
Nan,pvczj.ovn@inbox.testmail.app
Monica,pvczj.tgk@inbox.testmail.app
Randolph,pvczj.ljz@inbox.testmail.app
Norbert,pvczj.yud@inbox.testmail.app
Dayna,pvczj.vad@inbox.testmail.app
Blair,pvczj.vdc@inbox.testmail.app
Sherell,pvczj.jdm@inbox.testmail.app
Sydney,pvczj.blc@inbox.testmail.app
Gwenda,pvczj.kak@inbox.testmail.app
Denis,pvczj.xac@inbox.testmail.app
Dwayne,pvczj.uoa@inbox.testmail.app
Janice,pvczj.xez@inbox.testmail.app
Gennie,pvczj.aer@inbox.testmail.app
Eusebia,pvczj.ylv@inbox.testmail.app
Chantell,pvczj.ljk@inbox.testmail.app
Melaine,pvczj.vhn@inbox.testmail.app
Charis,pvczj.ypy@inbox.testmail.app
Sina,pvczj.vwj@inbox.testmail.app
Nia,pvczj.dwd@inbox.testmail.app
Ronna,pvczj.sdu@inbox.testmail.app
Marge,pvczj.ppa@inbox.testmail.app
Graciela,pvczj.pax@inbox.testmail.app
Ernesto,pvczj.mel@inbox.testmail.app
Arthur,pvczj.ubz@inbox.testmail.app
Pura,pvczj.aqs@inbox.testmail.app
Kaycee,pvczj.rmk@inbox.testmail.app
Carissa,pvczj.adm@inbox.testmail.app
Lonny,pvczj.wct@inbox.testmail.app
Marinda,pvczj.yeo@inbox.testmail.app
Kittie,pvczj.tyh@inbox.testmail.app
Magnolia,pvczj.vfo@inbox.testmail.app
Darin,pvczj.oxg@inbox.testmail.app
Ruth,pvczj.pjo@inbox.testmail.app
Rosia,pvczj.alr@inbox.testmail.app
Rema,pvczj.bvy@inbox.testmail.app
Jackqueline,pvczj.bni@inbox.testmail.app
Junita,pvczj.vtk@inbox.testmail.app
Camila,pvczj.lpj@inbox.testmail.app
Deonna,pvczj.wkh@inbox.testmail.app
Patrica,pvczj.tom@inbox.testmail.app
Pamala,pvczj.nmo@inbox.testmail.app
Marilyn,pvczj.ewp@inbox.testmail.app
